{"tempC": 23.5, "humidity": 69.19999694824219, "tempF": 74.30000000000001, "dewPoint": 63.21199890136719, "heatIndex": 74.49119992828369}